{
  "timestamp": "2025-07-14T10:20:14.510125",
  "model_checkpoint": "../experiments/development_20250713_175410/checkpoints/best_checkpoint.pth",
  "analysis": {
    "total_tiles": 50,
    "slum_tiles": 0,
    "high_confidence_slum_tiles": 0,
    "non_slum_tiles": 50,
    "slum_percentage": 0.0,
    "avg_probability": 0.01764834113419056,
    "max_probability": 0.08489007502794266,
    "min_probability": 0.00980672612786293,
    "threshold_used": 0.5,
    "tile_probabilities": [
      0.012776426039636135,
      0.01014276035130024,
      0.011561463586986065,
      0.016454363241791725,
      0.01443663239479065,
      0.010048135183751583,
      0.010094339959323406,
      0.010045711882412434,
      0.012434999458491802,
      0.020135438069701195,
      0.01146749034523964,
      0.015213891863822937,
      0.016430513933300972,
      0.025679651647806168,
      0.04745347797870636,
      0.03741135820746422,
      0.01617441512644291,
      0.011750975623726845,
      0.010153946466743946,
      0.011908499523997307,
      0.011718904599547386,
      0.01275867223739624,
      0.012779545970261097,
      0.08489007502794266,
      0.0823533907532692,
      0.0305021945387125,
      0.013082192279398441,
      0.009897350333631039,
      0.011733951978385448,
      0.010013663209974766,
      0.00980672612786293,
      0.013807118870317936,
      0.014427151530981064,
      0.012475399300456047,
      0.03740476444363594,
      0.01083588507026434,
      0.00994001142680645,
      0.011754489503800869,
      0.009947464801371098,
      0.01006318163126707,
      0.01758560910820961,
      0.011503951624035835,
      0.015260194428265095,
      0.016856461763381958,
      0.014227909967303276,
      0.009974525310099125,
      0.009906291961669922,
      0.010261425748467445,
      0.011996468529105186,
      0.012877595610916615
    ],
    "predictions_shape": [
      50,
      120,
      120
    ]
  },
  "tile_files": [
    "tiles\\colombo_tile_0000.png",
    "tiles\\colombo_tile_0001.png",
    "tiles\\colombo_tile_0002.png",
    "tiles\\colombo_tile_0003.png",
    "tiles\\colombo_tile_0004.png",
    "tiles\\colombo_tile_0005.png",
    "tiles\\colombo_tile_0006.png",
    "tiles\\colombo_tile_0007.png",
    "tiles\\colombo_tile_0008.png",
    "tiles\\colombo_tile_0009.png",
    "tiles\\colombo_tile_0010.png",
    "tiles\\colombo_tile_0011.png",
    "tiles\\colombo_tile_0012.png",
    "tiles\\colombo_tile_0013.png",
    "tiles\\colombo_tile_0014.png",
    "tiles\\colombo_tile_0015.png",
    "tiles\\colombo_tile_0016.png",
    "tiles\\colombo_tile_0017.png",
    "tiles\\colombo_tile_0018.png",
    "tiles\\colombo_tile_0019.png",
    "tiles\\colombo_tile_0020.png",
    "tiles\\colombo_tile_0021.png",
    "tiles\\colombo_tile_0022.png",
    "tiles\\colombo_tile_0023.png",
    "tiles\\colombo_tile_0024.png",
    "tiles\\colombo_tile_0025.png",
    "tiles\\colombo_tile_0026.png",
    "tiles\\colombo_tile_0027.png",
    "tiles\\colombo_tile_0028.png",
    "tiles\\colombo_tile_0029.png",
    "tiles\\colombo_tile_0030.png",
    "tiles\\colombo_tile_0031.png",
    "tiles\\colombo_tile_0032.png",
    "tiles\\colombo_tile_0033.png",
    "tiles\\colombo_tile_0034.png",
    "tiles\\colombo_tile_0035.png",
    "tiles\\colombo_tile_0036.png",
    "tiles\\colombo_tile_0037.png",
    "tiles\\colombo_tile_0038.png",
    "tiles\\colombo_tile_0039.png",
    "tiles\\colombo_tile_0040.png",
    "tiles\\colombo_tile_0041.png",
    "tiles\\colombo_tile_0042.png",
    "tiles\\colombo_tile_0043.png",
    "tiles\\colombo_tile_0044.png",
    "tiles\\colombo_tile_0045.png",
    "tiles\\colombo_tile_0046.png",
    "tiles\\colombo_tile_0047.png",
    "tiles\\colombo_tile_0048.png",
    "tiles\\colombo_tile_0049.png"
  ],
  "predictions_shape": [
    50,
    120,
    120
  ],
  "visualizations": [
    "predictions\\prediction_samples.png",
    "predictions\\probability_distribution.png"
  ],
  "model_config": {
    "architecture": "unet",
    "encoder": "resnet34",
    "pretrained": true,
    "in_channels": 3,
    "num_classes": 1,
    "activation": null,
    "attention_type": null,
    "deep_supervision": false,
    "aux_params": null,
    "input_size": [
      120,
      120
    ],
    "output_stride": 1
  },
  "approach": "Fixed - using exact same method as successful chart analysis"
}